{"cameraMode":{"drawMode":0,"name":"Shaded","section":"Shading Mode"},"sceneLighting":false,"audioPlay":false,"sceneViewState":{"m_AlwaysRefresh":false,"showFog":true,"showSkybox":false,"showFlares":true,"showImageEffects":true,"showParticleSystems":true,"showVisualEffectGraphs":true,"m_FxEnabled":true},"in2DMode":false,"pivot":{"x":-1.8570386171340943,"y":0.07893281430006027,"z":-0.779278576374054},"rotation":{"x":0.05799100548028946,"y":0.3885524272918701,"z":-0.02451123669743538,"w":0.9192736744880676},"size":0.4411579966545105,"orthographic":false}