{"cameraMode":{"drawMode":0,"name":"Shaded","section":"Shading Mode"},"sceneLighting":false,"audioPlay":false,"sceneViewState":{"m_AlwaysRefresh":false,"showFog":false,"showSkybox":false,"showFlares":false,"showImageEffects":false,"showParticleSystems":false,"showVisualEffectGraphs":true,"m_FxEnabled":true},"in2DMode":false,"pivot":{"x":0.04386457800865173,"y":0.7463785409927368,"z":0.3628910183906555},"rotation":{"x":-0.05646001175045967,"y":-0.7375087141990662,"z":0.062485773116350177,"w":-0.6702386140823364},"size":1.3188855648040772,"orthographic":false}