{"cameraMode":{"drawMode":0,"name":"Shaded","section":"Shading Mode"},"sceneLighting":true,"audioPlay":false,"sceneViewState":{"m_AlwaysRefresh":false,"showFog":true,"showSkybox":true,"showFlares":true,"showImageEffects":true,"showParticleSystems":true,"showVisualEffectGraphs":true,"m_FxEnabled":true},"in2DMode":false,"pivot":{"x":103.20665740966797,"y":4.982456684112549,"z":103.94058990478516},"rotation":{"x":0.23196299374103547,"y":0.2617475986480713,"z":-0.06516334414482117,"w":0.9347100257873535},"size":13.806796073913575,"orthographic":false}