{"cameraMode":{"drawMode":0,"name":"Shaded","section":"Shading Mode"},"sceneLighting":false,"audioPlay":false,"sceneViewState":{"m_AlwaysRefresh":false,"showFog":true,"showSkybox":false,"showFlares":true,"showImageEffects":true,"showParticleSystems":true,"showVisualEffectGraphs":true,"m_FxEnabled":true},"in2DMode":false,"pivot":{"x":0.6059417724609375,"y":0.5317803621292114,"z":0.03445986285805702},"rotation":{"x":-0.08729436248540878,"y":0.6633698344230652,"z":-0.07797817885875702,"w":-0.7392412424087524},"size":0.3295043110847473,"orthographic":false}