{"cameraMode":{"drawMode":0,"name":"Shaded","section":"Shading Mode"},"sceneLighting":false,"audioPlay":false,"sceneViewState":{"m_AlwaysRefresh":false,"showFog":true,"showSkybox":false,"showFlares":true,"showImageEffects":true,"showParticleSystems":true,"showVisualEffectGraphs":true,"m_FxEnabled":true},"in2DMode":false,"pivot":{"x":-0.07597231864929199,"y":0.8719578981399536,"z":0.11212140321731568},"rotation":{"x":-0.19094806909561158,"y":0.7632316946983337,"z":-0.2604111135005951,"w":-0.5596452355384827},"size":6.163082599639893,"orthographic":false}